<metadata xml:lang="es"><Esri><CreaDate>20210610</CreaDate><CreaTime>23014500</CreaTime><ArcGISFormat>1.0</ArcGISFormat><SyncOnce>FALSE</SyncOnce><DataProperties><lineage><Process ToolSource="c:\program files (x86)\arcgis\desktop10.5\ArcToolbox\Toolboxes\Data Management Tools.tbx\CalculateField" Date="20210610" Time="230145">CalculateField Carriles_Bici_Viales_Vigentes_Toponimos DIRECCIÓN [DEN_TX_ETI] VB #</Process><Process ToolSource="c:\program files (x86)\arcgis\desktop10.5\ArcToolbox\Toolboxes\Data Management Tools.tbx\CalculateField" Date="20210610" Time="230237">CalculateField Carriles_Bici_Viales_Vigentes_Toponimos ID_VIA [FID] VB #</Process><Process ToolSource="c:\program files (x86)\arcgis\desktop10.5\ArcToolbox\Toolboxes\Data Management Tools.tbx\DeleteField" Date="20210610" Time="231140">DeleteField Carriles_Bici_Viales_Vigentes_Toponimos TOP_ID;CV_ID;CV_TX_DENO;DEN_TX_ETI;TOP_SN_VER;TOP_SN_ESC;TOP_SN_E_1;TOP_SN_E_2;FDEN_ID_ES;FDEN_ID__1;FDEN_ID__2;FDEN_ID__3;OBJECTID;ESRI_OID;STArea__;STLength__</Process><Process ToolSource="c:\program files (x86)\arcgis\desktop10.5\ArcToolbox\Toolboxes\Conversion Tools.tbx\FeatureClassToFeatureClass" Date="20210610" Time="232204">FeatureClassToFeatureClass Carriles_Bici_Viales_Vigentes_Toponimos "Conexiones de base de datos\PRO 10.5 SIG_GEOPORTAL_OBRAS_VIAS_OWNER.sde\SIG_GEOPORTAL.OBRAS_VIAS.INFRAESTRUCTURA_CICLISTA" Carriles_Bici # "TIPO_VIA "TIPO_VIA" true true false 254 Text 0 0 ,First,#,Carriles_Bici_Viales_Vigentes_Toponimos,TIPO_VIA,-1,-1;ID_VIA "ID_VIA" true true false 19 Double 0 0 ,First,#,Carriles_Bici_Viales_Vigentes_Toponimos,ID_VIA,-1,-1;TIPOLOGÍA "TIPOLOGÍA" true true false 25 Text 0 0 ,First,#,Carriles_Bici_Viales_Vigentes_Toponimos,TIPOLOGÍA,-1,-1;DIRECCIÓN "DIRECCIÓN" true true false 100 Text 0 0 ,First,#,Carriles_Bici_Viales_Vigentes_Toponimos,DIRECCIÓN,-1,-1;SENTIDO "SENTIDO" true true false 50 Text 0 0 ,First,#,Carriles_Bici_Viales_Vigentes_Toponimos,SENTIDO,-1,-1;PENDIENTE "PENDIENTE" true true false 10 Text 0 0 ,First,#,Carriles_Bici_Viales_Vigentes_Toponimos,PENDIENTE,-1,-1" #</Process><Process ToolSource="c:\program files (x86)\arcgis\desktop10.5\ArcToolbox\Toolboxes\Data Management Tools.tbx\CalculateField" Date="20210610" Time="232720">CalculateField SIG_GEOPORTAL.OBRAS_VIAS.Carriles_Bici TIP [TIPOLOGÍA] VB #</Process><Process ToolSource="c:\program files (x86)\arcgis\desktop10.5\ArcToolbox\Toolboxes\Data Management Tools.tbx\Append" Date="20210712" Time="101629">Append Convenio SIG_GEOPORTAL.OBRAS_VIAS.Red_Ciclista NO_TEST "TIPO_VIA "TIPO_VIA" true true false 254 Text 0 0 ,First,#,Convenio,TIPO_VIA,-1,-1;ID_VIA "ID_VIA" true true false 8 Double 8 38 ,First,#;TIPOLOGÍA "TIPOLOGÍA" true true false 25 Text 0 0 ,First,#,Convenio,TIPOLOGÍA,-1,-1;DIRECCIÓN "DIRECCIÓN" true true false 100 Text 0 0 ,First,#;SENTIDO "SENTIDO" true true false 50 Text 0 0 ,First,#;PENDIENTE "PENDIENTE" true true false 10 Text 0 0 ,First,#;PENDIENTE_MAX "PENDIENTE_MAX" true true false 8 Double 8 38 ,First,#;Shape.STLength() "Shape.STLength()" false false true 0 Double 0 0 ,First,#" #</Process><Process ToolSource="c:\program files (x86)\arcgis\desktop10.5\ArcToolbox\Toolboxes\Data Management Tools.tbx\Append" Date="20210712" Time="144702">Append Tablas SIG_GEOPORTAL.OBRAS_VIAS.Red_Ciclista NO_TEST "TIPO_VIA "TIPO_VIA" true true false 254 Text 0 0 ,First,#,Tablas,TIPO_VIA,-1,-1;ID_VIA "ID_VIA" true true false 8 Double 8 38 ,First,#,Tablas,ID_VIA,-1,-1;TIPOLOGÍA "TIPOLOGÍA" true true false 25 Text 0 0 ,First,#,Tablas,TIPOLOGÍA,-1,-1;DIRECCIÓN "DIRECCIÓN" true true false 100 Text 0 0 ,First,#,Tablas,DIRECCIÓN,-1,-1;SENTIDO "SENTIDO" true true false 50 Text 0 0 ,First,#,Tablas,SENTIDO,-1,-1;PENDIENTE "PENDIENTE" true true false 10 Text 0 0 ,First,#,Tablas,PENDIENTE,-1,-1;PENDIENTE_MAX "PENDIENTE_MAX" true true false 8 Double 8 38 ,First,#,Tablas,PENDIENTE_MAX,-1,-1;Shape.STLength() "Shape.STLength()" false false true 0 Double 0 0 ,First,#" #</Process><Process ToolSource="c:\program files (x86)\arcgis\desktop10.5\ArcToolbox\Toolboxes\Conversion Tools.tbx\FeatureClassToFeatureClass" Date="20210924" Time="111403">FeatureClassToFeatureClass "Conexiones de base de datos\PRO 10_5_SIG_GEOPORTAL_OBRAS_VIAS_OWNER.sde\SIG_GEOPORTAL.OBRAS_VIAS.INFRAESTRUCTURA_CICLISTA\SIG_GEOPORTAL.OBRAS_VIAS.Red_Ciclista" "S:\PROYECTOS\0097 CARRIL BICI GEOPORTAL\SDE_Shp_trabajo\INFRAESTRUCTURA_BICI.mdb" carril_bici_paco # "TIPO_VIA "TIPO_VIA" true true false 254 Text 0 0 ,First,#,Conexiones de base de datos\PRO 10_5_SIG_GEOPORTAL_OBRAS_VIAS_OWNER.sde\SIG_GEOPORTAL.OBRAS_VIAS.INFRAESTRUCTURA_CICLISTA\SIG_GEOPORTAL.OBRAS_VIAS.Red_Ciclista,TIPO_VIA,-1,-1;ID_VIA "ID_VIA" true true false 8 Double 8 38 ,First,#,Conexiones de base de datos\PRO 10_5_SIG_GEOPORTAL_OBRAS_VIAS_OWNER.sde\SIG_GEOPORTAL.OBRAS_VIAS.INFRAESTRUCTURA_CICLISTA\SIG_GEOPORTAL.OBRAS_VIAS.Red_Ciclista,ID_VIA,-1,-1;TIPOLOGÍA "TIPOLOGÍA" true true false 25 Text 0 0 ,First,#,Conexiones de base de datos\PRO 10_5_SIG_GEOPORTAL_OBRAS_VIAS_OWNER.sde\SIG_GEOPORTAL.OBRAS_VIAS.INFRAESTRUCTURA_CICLISTA\SIG_GEOPORTAL.OBRAS_VIAS.Red_Ciclista,TIPOLOGÍA,-1,-1;DIRECCIÓN "DIRECCIÓN" true true false 100 Text 0 0 ,First,#,Conexiones de base de datos\PRO 10_5_SIG_GEOPORTAL_OBRAS_VIAS_OWNER.sde\SIG_GEOPORTAL.OBRAS_VIAS.INFRAESTRUCTURA_CICLISTA\SIG_GEOPORTAL.OBRAS_VIAS.Red_Ciclista,DIRECCIÓN,-1,-1;SENTIDO "SENTIDO" true true false 50 Text 0 0 ,First,#,Conexiones de base de datos\PRO 10_5_SIG_GEOPORTAL_OBRAS_VIAS_OWNER.sde\SIG_GEOPORTAL.OBRAS_VIAS.INFRAESTRUCTURA_CICLISTA\SIG_GEOPORTAL.OBRAS_VIAS.Red_Ciclista,SENTIDO,-1,-1;PENDIENTE "PENDIENTE" true true false 10 Text 0 0 ,First,#,Conexiones de base de datos\PRO 10_5_SIG_GEOPORTAL_OBRAS_VIAS_OWNER.sde\SIG_GEOPORTAL.OBRAS_VIAS.INFRAESTRUCTURA_CICLISTA\SIG_GEOPORTAL.OBRAS_VIAS.Red_Ciclista,PENDIENTE,-1,-1;PENDIENTE_MAX "PENDIENTE_MAX" true true false 8 Double 8 38 ,First,#,Conexiones de base de datos\PRO 10_5_SIG_GEOPORTAL_OBRAS_VIAS_OWNER.sde\SIG_GEOPORTAL.OBRAS_VIAS.INFRAESTRUCTURA_CICLISTA\SIG_GEOPORTAL.OBRAS_VIAS.Red_Ciclista,PENDIENTE_MAX,-1,-1;Shape_STLength__ "Shape_STLength__" false false true 0 Double 0 0 ,First,#,Conexiones de base de datos\PRO 10_5_SIG_GEOPORTAL_OBRAS_VIAS_OWNER.sde\SIG_GEOPORTAL.OBRAS_VIAS.INFRAESTRUCTURA_CICLISTA\SIG_GEOPORTAL.OBRAS_VIAS.Red_Ciclista,Shape.STLength(),-1,-1" #</Process><Process ToolSource="c:\program files (x86)\arcgis\desktop10.5\ArcToolbox\Toolboxes\Data Management Tools.tbx\CalculateField" Date="20210924" Time="121713">CalculateField Red_ciclista_n COD_TIPOLOGIA_N 1 VB #</Process><Process ToolSource="c:\program files (x86)\arcgis\desktop10.5\ArcToolbox\Toolboxes\Data Management Tools.tbx\CalculateField" Date="20210924" Time="121729">CalculateField Red_ciclista_n COD_TIPO_VIA_N 1 VB #</Process><Process ToolSource="c:\program files (x86)\arcgis\desktop10.5\ArcToolbox\Toolboxes\Data Management Tools.tbx\CalculateField" Date="20210924" Time="121821">CalculateField Red_ciclista_n COD_TIPOLOGIA_N 1 VB #</Process><Process ToolSource="c:\program files (x86)\arcgis\desktop10.5\ArcToolbox\Toolboxes\Data Management Tools.tbx\CalculateField" Date="20210924" Time="121847">CalculateField Red_ciclista_n COD_TIPO_VIA_N 2
 VB #</Process><Process ToolSource="c:\program files (x86)\arcgis\desktop10.5\ArcToolbox\Toolboxes\Data Management Tools.tbx\CalculateField" Date="20210924" Time="122452">CalculateField Red_ciclista_n COD_TIPOLOGIA_N 1
 VB #</Process><Process ToolSource="c:\program files (x86)\arcgis\desktop10.5\ArcToolbox\Toolboxes\Data Management Tools.tbx\CalculateField" Date="20210924" Time="122505">CalculateField Red_ciclista_n COD_TIPO_VIA_N 4
 VB #</Process><Process ToolSource="c:\program files (x86)\arcgis\desktop10.5\ArcToolbox\Toolboxes\Data Management Tools.tbx\CalculateField" Date="20210924" Time="122558">CalculateField Red_ciclista_n COD_TIPOLOGIA_N 1
 VB #</Process><Process ToolSource="c:\program files (x86)\arcgis\desktop10.5\ArcToolbox\Toolboxes\Data Management Tools.tbx\CalculateField" Date="20210924" Time="122620">CalculateField Red_ciclista_n COD_TIPO_VIA_N 5 VB #</Process><Process ToolSource="c:\program files (x86)\arcgis\desktop10.5\ArcToolbox\Toolboxes\Data Management Tools.tbx\CalculateField" Date="20210924" Time="122836">CalculateField Red_ciclista_n COD_TIPOLOGIA_N 1 VB #</Process><Process ToolSource="c:\program files (x86)\arcgis\desktop10.5\ArcToolbox\Toolboxes\Data Management Tools.tbx\CalculateField" Date="20210924" Time="122848">CalculateField Red_ciclista_n COD_TIPO_VIA_N 6 VB #</Process><Process ToolSource="c:\program files (x86)\arcgis\desktop10.5\ArcToolbox\Toolboxes\Data Management Tools.tbx\CalculateField" Date="20210924" Time="122952">CalculateField Red_ciclista_n COD_TIPOLOGIA_N 2
 VB #</Process><Process ToolSource="c:\program files (x86)\arcgis\desktop10.5\ArcToolbox\Toolboxes\Data Management Tools.tbx\CalculateField" Date="20210924" Time="123009">CalculateField Red_ciclista_n COD_TIPO_VIA_N 7 VB #</Process><Process ToolSource="c:\program files (x86)\arcgis\desktop10.5\ArcToolbox\Toolboxes\Data Management Tools.tbx\CalculateField" Date="20210924" Time="123147">CalculateField Red_ciclista_n COD_TIPOLOGIA_N 2
 VB #</Process><Process ToolSource="c:\program files (x86)\arcgis\desktop10.5\ArcToolbox\Toolboxes\Data Management Tools.tbx\CalculateField" Date="20210924" Time="123203">CalculateField Red_ciclista_n COD_TIPO_VIA_N 8
 VB #</Process><Process ToolSource="c:\program files (x86)\arcgis\desktop10.5\ArcToolbox\Toolboxes\Data Management Tools.tbx\CalculateField" Date="20210924" Time="123356">CalculateField Red_ciclista_n COD_TIPOLOGIA_N 3 VB #</Process><Process ToolSource="c:\program files (x86)\arcgis\desktop10.5\ArcToolbox\Toolboxes\Data Management Tools.tbx\CalculateField" Date="20210924" Time="123636">CalculateField Red_ciclista_n COD_TIPO_VIA_N 9 VB #</Process><Process ToolSource="c:\program files (x86)\arcgis\desktop10.5\ArcToolbox\Toolboxes\Data Management Tools.tbx\CalculateField" Date="20210924" Time="123731">CalculateField Red_ciclista_n COD_TIPOLOGIA_N 3 VB #</Process><Process ToolSource="c:\program files (x86)\arcgis\desktop10.5\ArcToolbox\Toolboxes\Data Management Tools.tbx\CalculateField" Date="20210924" Time="123742">CalculateField Red_ciclista_n COD_TIPO_VIA_N 10 VB #</Process><Process ToolSource="c:\program files (x86)\arcgis\desktop10.5\ArcToolbox\Toolboxes\Data Management Tools.tbx\CalculateField" Date="20210924" Time="123928">CalculateField Red_ciclista_n COD_TIPOLOGIA_N 3 VB #</Process><Process ToolSource="c:\program files (x86)\arcgis\desktop10.5\ArcToolbox\Toolboxes\Data Management Tools.tbx\CalculateField" Date="20210924" Time="123942">CalculateField Red_ciclista_n COD_TIPO_VIA_N 11 VB #</Process><Process ToolSource="c:\program files (x86)\arcgis\desktop10.5\ArcToolbox\Toolboxes\Data Management Tools.tbx\CalculateField" Date="20210924" Time="124022">CalculateField Red_ciclista_n COD_TIPOLOGIA_N 3 VB #</Process><Process ToolSource="c:\program files (x86)\arcgis\desktop10.5\ArcToolbox\Toolboxes\Data Management Tools.tbx\CalculateField" Date="20210924" Time="124039">CalculateField Red_ciclista_n COD_TIPO_VIA_N 12 VB #</Process><Process ToolSource="c:\program files (x86)\arcgis\desktop10.5\ArcToolbox\Toolboxes\Data Management Tools.tbx\CalculateField" Date="20210924" Time="124206">CalculateField Red_ciclista_n COD_TIPOLOGIA_N 3 VB #</Process><Process ToolSource="c:\program files (x86)\arcgis\desktop10.5\ArcToolbox\Toolboxes\Data Management Tools.tbx\CalculateField" Date="20210924" Time="124219">CalculateField Red_ciclista_n COD_TIPO_VIA_N 13 VB #</Process><Process ToolSource="c:\program files (x86)\arcgis\desktop10.5\ArcToolbox\Toolboxes\Data Management Tools.tbx\CalculateField" Date="20210924" Time="124259">CalculateField Red_ciclista_n COD_TIPOLOGIA_N 3 VB #</Process><Process ToolSource="c:\program files (x86)\arcgis\desktop10.5\ArcToolbox\Toolboxes\Data Management Tools.tbx\CalculateField" Date="20210924" Time="124325">CalculateField Red_ciclista_n COD_TIPO_VIA_N 14 VB #</Process><Process ToolSource="c:\program files (x86)\arcgis\desktop10.5\ArcToolbox\Toolboxes\Data Management Tools.tbx\CalculateField" Date="20210924" Time="124513">CalculateField Red_ciclista_n COD_TIPOLOGIA_N 3 VB #</Process><Process ToolSource="c:\program files (x86)\arcgis\desktop10.5\ArcToolbox\Toolboxes\Data Management Tools.tbx\CalculateField" Date="20210924" Time="124558">CalculateField Red_ciclista_n COD_TIPO_VIA_N 15 VB #</Process><Process ToolSource="c:\program files (x86)\arcgis\desktop10.5\ArcToolbox\Toolboxes\Data Management Tools.tbx\CalculateField" Date="20210924" Time="124643">CalculateField Red_ciclista_n COD_TIPOLOGIA_N 3 VB #</Process><Process ToolSource="c:\program files (x86)\arcgis\desktop10.5\ArcToolbox\Toolboxes\Data Management Tools.tbx\CalculateField" Date="20210924" Time="124655">CalculateField Red_ciclista_n COD_TIPO_VIA_N 16 VB #</Process><Process ToolSource="c:\program files (x86)\arcgis\desktop10.5\ArcToolbox\Toolboxes\Data Management Tools.tbx\CalculateField" Date="20210924" Time="124804">CalculateField Red_ciclista_n COD_TIPOLOGIA_N 4 VB #</Process><Process ToolSource="c:\program files (x86)\arcgis\desktop10.5\ArcToolbox\Toolboxes\Data Management Tools.tbx\CalculateField" Date="20210924" Time="124816">CalculateField Red_ciclista_n COD_TIPO_VIA_N 17 VB #</Process><Process ToolSource="c:\program files (x86)\arcgis\desktop10.5\ArcToolbox\Toolboxes\Data Management Tools.tbx\CalculateField" Date="20210924" Time="124855">CalculateField Red_ciclista_n COD_TIPOLOGIA_N 4 VB #</Process><Process ToolSource="c:\program files (x86)\arcgis\desktop10.5\ArcToolbox\Toolboxes\Data Management Tools.tbx\CalculateField" Date="20210924" Time="124906">CalculateField Red_ciclista_n COD_TIPO_VIA_N 18 VB #</Process><Process ToolSource="c:\program files (x86)\arcgis\desktop10.5\ArcToolbox\Toolboxes\Data Management Tools.tbx\CalculateField" Date="20210924" Time="125028">CalculateField Red_ciclista_n COD_TIPOLOGIA_N 5 VB #</Process><Process ToolSource="c:\program files (x86)\arcgis\desktop10.5\ArcToolbox\Toolboxes\Data Management Tools.tbx\CalculateField" Date="20210924" Time="125046">CalculateField Red_ciclista_n COD_TIPO_VIA_N 19 VB #</Process><Process ToolSource="c:\program files (x86)\arcgis\desktop10.5\ArcToolbox\Toolboxes\Data Management Tools.tbx\CalculateField" Date="20210924" Time="141140">CalculateField Red_ciclista_n COD_TIPO_VIA_N 3 VB #</Process><Process ToolSource="c:\program files (x86)\arcgis\desktop10.5\ArcToolbox\Toolboxes\Data Management Tools.tbx\CalculateField" Date="20210924" Time="141553">CalculateField Red_ciclista_n COD_TIPO_VIA_N 1 VB #</Process><Process ToolSource="c:\program files (x86)\arcgis\desktop10.5\ArcToolbox\Toolboxes\Data Management Tools.tbx\CalculateField" Date="20210924" Time="141646">CalculateField Red_ciclista_n COD_TIPO_VIA_N 2 VB #</Process><Process ToolSource="c:\program files (x86)\arcgis\desktop10.5\ArcToolbox\Toolboxes\Data Management Tools.tbx\CalculateField" Date="20210924" Time="141803">CalculateField Red_ciclista_n COD_TIPO_VIA_N 4
 VB #</Process><Process ToolSource="c:\program files (x86)\arcgis\desktop10.5\ArcToolbox\Toolboxes\Data Management Tools.tbx\CalculateField" Date="20210924" Time="141902">CalculateField Red_ciclista_n COD_TIPO_VIA_N 5
 VB #</Process><Process ToolSource="c:\program files (x86)\arcgis\desktop10.5\ArcToolbox\Toolboxes\Data Management Tools.tbx\CalculateField" Date="20210924" Time="142023">CalculateField Red_ciclista_n COD_TIPO_VIA_N 6
 VB #</Process><Process ToolSource="c:\program files (x86)\arcgis\desktop10.5\ArcToolbox\Toolboxes\Conversion Tools.tbx\FeatureClassToFeatureClass" Date="20210924" Time="142635">FeatureClassToFeatureClass "S:\PROYECTOS\0097 CARRIL BICI GEOPORTAL\SDE_Shp_trabajo\INFRAESTRUCTURA_BICI.mdb\Red_ciclista_n" "Conexiones de base de datos\PRO 10_5_SIG_GEOPORTAL_OBRAS_VIAS_OWNER.sde\SIG_GEOPORTAL.OBRAS_VIAS.INFRAESTRUCTURA_CICLISTA" Red_Ciclista_n # "TIPO_VIA "TIPO_VIA" true true false 254 Text 0 0 ,First,#,S:\PROYECTOS\0097 CARRIL BICI GEOPORTAL\SDE_Shp_trabajo\INFRAESTRUCTURA_BICI.mdb\Red_ciclista_n,TIPO_VIA,-1,-1;ID_VIA "ID_VIA" true true false 8 Double 0 0 ,First,#,S:\PROYECTOS\0097 CARRIL BICI GEOPORTAL\SDE_Shp_trabajo\INFRAESTRUCTURA_BICI.mdb\Red_ciclista_n,ID_VIA,-1,-1;TIPOLOGÍA "TIPOLOGÍA" true true false 25 Text 0 0 ,First,#,S:\PROYECTOS\0097 CARRIL BICI GEOPORTAL\SDE_Shp_trabajo\INFRAESTRUCTURA_BICI.mdb\Red_ciclista_n,TIPOLOGÍA,-1,-1;DIRECCIÓN "DIRECCIÓN" true true false 100 Text 0 0 ,First,#,S:\PROYECTOS\0097 CARRIL BICI GEOPORTAL\SDE_Shp_trabajo\INFRAESTRUCTURA_BICI.mdb\Red_ciclista_n,DIRECCIÓN,-1,-1;SENTIDO "SENTIDO" true true false 50 Text 0 0 ,First,#,S:\PROYECTOS\0097 CARRIL BICI GEOPORTAL\SDE_Shp_trabajo\INFRAESTRUCTURA_BICI.mdb\Red_ciclista_n,SENTIDO,-1,-1;PENDIENTE "PENDIENTE" true true false 10 Text 0 0 ,First,#,S:\PROYECTOS\0097 CARRIL BICI GEOPORTAL\SDE_Shp_trabajo\INFRAESTRUCTURA_BICI.mdb\Red_ciclista_n,PENDIENTE,-1,-1;PENDIENTE_MAX "PENDIENTE_MAX" true true false 8 Double 0 0 ,First,#,S:\PROYECTOS\0097 CARRIL BICI GEOPORTAL\SDE_Shp_trabajo\INFRAESTRUCTURA_BICI.mdb\Red_ciclista_n,PENDIENTE_MAX,-1,-1;Shape_Length "Shape_Length" false true true 8 Double 0 0 ,First,#,S:\PROYECTOS\0097 CARRIL BICI GEOPORTAL\SDE_Shp_trabajo\INFRAESTRUCTURA_BICI.mdb\Red_ciclista_n,Shape_Length,-1,-1;COD_TIPOLOGIA_N "COD_TIPOLOGIA_N" true true false 2 Short 0 0 ,First,#,S:\PROYECTOS\0097 CARRIL BICI GEOPORTAL\SDE_Shp_trabajo\INFRAESTRUCTURA_BICI.mdb\Red_ciclista_n,COD_TIPOLOGIA_N,-1,-1;COD_TIPO_VIA_N "COD_TIPO_VIA_N" true true false 2 Short 0 0 ,First,#,S:\PROYECTOS\0097 CARRIL BICI GEOPORTAL\SDE_Shp_trabajo\INFRAESTRUCTURA_BICI.mdb\Red_ciclista_n,COD_TIPO_VIA_N,-1,-1" #</Process><Process ToolSource="c:\program files (x86)\arcgis\desktop10.5\ArcToolbox\Toolboxes\Data Management Tools.tbx\CalculateField" Date="20211123" Time="065358">CalculateField "E_20.000-500\Infraestructura ciclista tipo vía_n" COD_TIPO_VIA_N 2 VB #</Process><Process ToolSource="c:\program files (x86)\arcgis\desktop10.5\ArcToolbox\Toolboxes\Data Management Tools.tbx\CalculateField" Date="20211123" Time="065422">CalculateField "E_20.000-500\Infraestructura ciclista tipo vía_n" COD_TIPO_VIA_N 1
 VB #</Process><Process ToolSource="c:\program files (x86)\arcgis\desktop10.5\ArcToolbox\Toolboxes\Data Management Tools.tbx\CalculateField" Date="20211123" Time="070927">CalculateField "E_20.000-500\Infraestructura ciclista tipo vía_n" COD_TIPO_VIA_N 9 VB #</Process><Process ToolSource="c:\program files (x86)\arcgis\desktop10.5\ArcToolbox\Toolboxes\Data Management Tools.tbx\CalculateField" Date="20211123" Time="071143">CalculateField "E_20.000-500\Infraestructura ciclista tipo vía_n" COD_TIPO_VIA_N 11
 VB #</Process><Process ToolSource="c:\program files (x86)\arcgis\desktop10.5\ArcToolbox\Toolboxes\Data Management Tools.tbx\CalculateField" Date="20211123" Time="071727">CalculateField "E_20.000-500\Infraestructura ciclista tipo vía_n" COD_TIPO_VIA_N 16 VB #</Process><Process ToolSource="c:\program files (x86)\arcgis\desktop10.5\ArcToolbox\Toolboxes\Data Management Tools.tbx\CalculateField" Date="20211123" Time="072003">CalculateField "E_20.000-500\Infraestructura ciclista tipo vía_n" COD_TIPO_VIA_N 18
 VB #</Process><Process ToolSource="c:\program files (x86)\arcgis\desktop10.5\ArcToolbox\Toolboxes\Data Management Tools.tbx\CalculateField" Date="20211123" Time="072229">CalculateField "E_20.000-500\Infraestructura ciclista tipo vía_n" COD_TIPO_VIA_N 19
 VB #</Process><Process ToolSource="c:\program files (x86)\arcgis\desktop10.5\ArcToolbox\Toolboxes\Data Management Tools.tbx\CalculateField" Date="20211123" Time="073133">CalculateField "E_20.000-500\Infraestructura ciclista tipo vía_n" COD_TIPO_VIA_N 15 VB #</Process><Process ToolSource="e:\programas\esri\arcmap10.8.1\desktop10.8\ArcToolbox\Toolboxes\Conversion Tools.tbx\FeatureClassToFeatureClass" Date="20230721" Time="221512">FeatureClassToFeatureClass "E:\Programas\ESRI\BBDD\PRO 10.8 SIG_GEOPORTAL.OBRAS_VIAS_READ.sde\SIG_GEOPORTAL.OBRAS_VIAS.INFRAESTRUCTURA_CICLISTA\SIG_GEOPORTAL.OBRAS_VIAS.Red_Ciclista" \\BIGDATA\CARTOGRAFIA\PUBLICACION\OBRAS\BICI\shp Infraestructura_Ciclista.shp # "TIPO_VIA "TIPO_VIA" true true false 254 Text 0 0 ,First,#,E:\Programas\ESRI\BBDD\PRO 10.8 SIG_GEOPORTAL.OBRAS_VIAS_READ.sde\SIG_GEOPORTAL.OBRAS_VIAS.INFRAESTRUCTURA_CICLISTA\SIG_GEOPORTAL.OBRAS_VIAS.Red_Ciclista,TIPO_VIA,-1,-1;ID_VIA "ID_VIA" true true false 8 Double 8 38 ,First,#,E:\Programas\ESRI\BBDD\PRO 10.8 SIG_GEOPORTAL.OBRAS_VIAS_READ.sde\SIG_GEOPORTAL.OBRAS_VIAS.INFRAESTRUCTURA_CICLISTA\SIG_GEOPORTAL.OBRAS_VIAS.Red_Ciclista,ID_VIA,-1,-1;TIPOLOGÍA "TIPOLOGÍA" true true false 25 Text 0 0 ,First,#,E:\Programas\ESRI\BBDD\PRO 10.8 SIG_GEOPORTAL.OBRAS_VIAS_READ.sde\SIG_GEOPORTAL.OBRAS_VIAS.INFRAESTRUCTURA_CICLISTA\SIG_GEOPORTAL.OBRAS_VIAS.Red_Ciclista,TIPOLOGÍA,-1,-1;DIRECCIÓN "DIRECCIÓN" true true false 100 Text 0 0 ,First,#,E:\Programas\ESRI\BBDD\PRO 10.8 SIG_GEOPORTAL.OBRAS_VIAS_READ.sde\SIG_GEOPORTAL.OBRAS_VIAS.INFRAESTRUCTURA_CICLISTA\SIG_GEOPORTAL.OBRAS_VIAS.Red_Ciclista,DIRECCIÓN,-1,-1;SENTIDO "SENTIDO" true true false 50 Text 0 0 ,First,#,E:\Programas\ESRI\BBDD\PRO 10.8 SIG_GEOPORTAL.OBRAS_VIAS_READ.sde\SIG_GEOPORTAL.OBRAS_VIAS.INFRAESTRUCTURA_CICLISTA\SIG_GEOPORTAL.OBRAS_VIAS.Red_Ciclista,SENTIDO,-1,-1;PENDIENTE "PENDIENTE" true true false 10 Text 0 0 ,First,#,E:\Programas\ESRI\BBDD\PRO 10.8 SIG_GEOPORTAL.OBRAS_VIAS_READ.sde\SIG_GEOPORTAL.OBRAS_VIAS.INFRAESTRUCTURA_CICLISTA\SIG_GEOPORTAL.OBRAS_VIAS.Red_Ciclista,PENDIENTE,-1,-1;PENDIENTE_ "PENDIENTE_" true true false 8 Double 8 38 ,First,#,E:\Programas\ESRI\BBDD\PRO 10.8 SIG_GEOPORTAL.OBRAS_VIAS_READ.sde\SIG_GEOPORTAL.OBRAS_VIAS.INFRAESTRUCTURA_CICLISTA\SIG_GEOPORTAL.OBRAS_VIAS.Red_Ciclista,PENDIENTE_MAX,-1,-1;COD_TIPOLO "COD_TIPOLOGIA_N" true true false 2 Short 0 5 ,First,#,E:\Programas\ESRI\BBDD\PRO 10.8 SIG_GEOPORTAL.OBRAS_VIAS_READ.sde\SIG_GEOPORTAL.OBRAS_VIAS.INFRAESTRUCTURA_CICLISTA\SIG_GEOPORTAL.OBRAS_VIAS.Red_Ciclista,COD_TIPOLOGIA_N,-1,-1;COD_TIPO_V "COD_TIPO_VIA_N" true true false 2 Short 0 5 ,First,#,E:\Programas\ESRI\BBDD\PRO 10.8 SIG_GEOPORTAL.OBRAS_VIAS_READ.sde\SIG_GEOPORTAL.OBRAS_VIAS.INFRAESTRUCTURA_CICLISTA\SIG_GEOPORTAL.OBRAS_VIAS.Red_Ciclista,COD_TIPO_VIA_N,-1,-1;Shape_STLe "Shape_STLe" false false true 0 Double 0 0 ,First,#,E:\Programas\ESRI\BBDD\PRO 10.8 SIG_GEOPORTAL.OBRAS_VIAS_READ.sde\SIG_GEOPORTAL.OBRAS_VIAS.INFRAESTRUCTURA_CICLISTA\SIG_GEOPORTAL.OBRAS_VIAS.Red_Ciclista,Shape.STLength(),-1,-1" #</Process></lineage><itemProps><itemName Sync="TRUE">Infraestructura_Ciclista</itemName><imsContentType Sync="TRUE">002</imsContentType><itemLocation><linkage Sync="TRUE">file://\\BIGDATA\CARTOGRAFIA\PUBLICACION\OBRAS\BICI\shp\Infraestructura_Ciclista.shp</linkage><protocol Sync="TRUE">Local Area Network</protocol></itemLocation><itemSize Sync="TRUE">0.000</itemSize></itemProps><coordRef><type Sync="TRUE">Projected</type><geogcsn Sync="TRUE">GCS_ETRS_1989</geogcsn><csUnits Sync="TRUE">Linear Unit: Meter (1.000000)</csUnits><projcsn Sync="TRUE">ETRS_1989_UTM_Zone_30N</projcsn><peXml Sync="TRUE">&lt;ProjectedCoordinateSystem xsi:type='typens:ProjectedCoordinateSystem' xmlns:xsi='http://www.w3.org/2001/XMLSchema-instance' xmlns:xs='http://www.w3.org/2001/XMLSchema' xmlns:typens='http://www.esri.com/schemas/ArcGIS/10.8'&gt;&lt;WKT&gt;PROJCS[&amp;quot;ETRS_1989_UTM_Zone_30N&amp;quot;,GEOGCS[&amp;quot;GCS_ETRS_1989&amp;quot;,DATUM[&amp;quot;D_ETRS_1989&amp;quot;,SPHEROID[&amp;quot;GRS_1980&amp;quot;,6378137.0,298.257222101]],PRIMEM[&amp;quot;Greenwich&amp;quot;,0.0],UNIT[&amp;quot;Degree&amp;quot;,0.0174532925199433]],PROJECTION[&amp;quot;Transverse_Mercator&amp;quot;],PARAMETER[&amp;quot;False_Easting&amp;quot;,500000.0],PARAMETER[&amp;quot;False_Northing&amp;quot;,0.0],PARAMETER[&amp;quot;Central_Meridian&amp;quot;,-3.0],PARAMETER[&amp;quot;Scale_Factor&amp;quot;,0.9996],PARAMETER[&amp;quot;Latitude_Of_Origin&amp;quot;,0.0],UNIT[&amp;quot;Meter&amp;quot;,1.0],AUTHORITY[&amp;quot;EPSG&amp;quot;,25830]]&lt;/WKT&gt;&lt;XOrigin&gt;-5120900&lt;/XOrigin&gt;&lt;YOrigin&gt;-9998100&lt;/YOrigin&gt;&lt;XYScale&gt;450445547.3910538&lt;/XYScale&gt;&lt;ZOrigin&gt;-100000&lt;/ZOrigin&gt;&lt;ZScale&gt;10000&lt;/ZScale&gt;&lt;MOrigin&gt;-100000&lt;/MOrigin&gt;&lt;MScale&gt;10000&lt;/MScale&gt;&lt;XYTolerance&gt;0.001&lt;/XYTolerance&gt;&lt;ZTolerance&gt;0.001&lt;/ZTolerance&gt;&lt;MTolerance&gt;0.001&lt;/MTolerance&gt;&lt;HighPrecision&gt;true&lt;/HighPrecision&gt;&lt;WKID&gt;25830&lt;/WKID&gt;&lt;LatestWKID&gt;25830&lt;/LatestWKID&gt;&lt;/ProjectedCoordinateSystem&gt;</peXml></coordRef></DataProperties><SyncDate>20230721</SyncDate><SyncTime>22151200</SyncTime><ModDate>20230721</ModDate><ModTime>22151200</ModTime></Esri><dataIdInfo><envirDesc Sync="TRUE"> Version 6.2 (Build 9200) ; Esri ArcGIS 10.8.1.14362</envirDesc><dataLang><languageCode value="spa" Sync="TRUE"/><countryCode value="ESP" Sync="TRUE"/></dataLang><idCitation><resTitle Sync="TRUE">Infraestructura_Ciclista</resTitle><presForm><PresFormCd value="005" Sync="TRUE"/></presForm></idCitation><spatRpType><SpatRepTypCd value="001" Sync="TRUE"/></spatRpType></dataIdInfo><mdLang><languageCode value="spa" Sync="TRUE"/><countryCode value="ESP" Sync="TRUE"/></mdLang><distInfo><distFormat><formatName Sync="TRUE">Shapefile</formatName></distFormat><distTranOps><transSize Sync="TRUE">0.000</transSize></distTranOps></distInfo><mdHrLv><ScopeCd value="005" Sync="TRUE"/></mdHrLv><mdHrLvName Sync="TRUE">dataset</mdHrLvName><refSysInfo><RefSystem><refSysID><identCode code="25830" Sync="TRUE"/><idCodeSpace Sync="TRUE">EPSG</idCodeSpace><idVersion Sync="TRUE">5.1(4.0.0)</idVersion></refSysID></RefSystem></refSysInfo><spatRepInfo><VectSpatRep><geometObjs Name="Infraestructura_Ciclista"><geoObjTyp><GeoObjTypCd value="002" Sync="TRUE"></GeoObjTypCd></geoObjTyp><geoObjCnt Sync="TRUE">0</geoObjCnt></geometObjs><topLvl><TopoLevCd value="001" Sync="TRUE"></TopoLevCd></topLvl></VectSpatRep></spatRepInfo><spdoinfo><ptvctinf><esriterm Name="Infraestructura_Ciclista"><efeatyp Sync="TRUE">Simple</efeatyp><efeageom code="3" Sync="TRUE"></efeageom><esritopo Sync="TRUE">FALSE</esritopo><efeacnt Sync="TRUE">0</efeacnt><spindex Sync="TRUE">FALSE</spindex><linrefer Sync="TRUE">TRUE</linrefer></esriterm></ptvctinf></spdoinfo><eainfo><detailed Name="Infraestructura_Ciclista"><enttyp><enttypl Sync="TRUE">Infraestructura_Ciclista</enttypl><enttypt Sync="TRUE">Feature Class</enttypt><enttypc Sync="TRUE">0</enttypc></enttyp><attr><attrlabl Sync="TRUE">TIPO_VIA</attrlabl><attalias Sync="TRUE">TIPO_VIA</attalias><attrtype Sync="TRUE">String</attrtype><attwidth Sync="TRUE">254</attwidth><atprecis Sync="TRUE">0</atprecis><attscale Sync="TRUE">0</attscale></attr><attr><attrlabl Sync="TRUE">ID_VIA</attrlabl><attalias Sync="TRUE">ID_VIA</attalias><attrtype Sync="TRUE">Double</attrtype><attwidth Sync="TRUE">19</attwidth><atprecis Sync="TRUE">18</atprecis><attscale Sync="TRUE">8</attscale></attr><attr><attrlabl Sync="TRUE">TIPOLOGÍA</attrlabl><attalias Sync="TRUE">TIPOLOGÍA</attalias><attrtype Sync="TRUE">String</attrtype><attwidth Sync="TRUE">25</attwidth><atprecis Sync="TRUE">0</atprecis><attscale Sync="TRUE">0</attscale></attr><attr><attrlabl Sync="TRUE">DIRECCIÓN</attrlabl><attalias Sync="TRUE">DIRECCIÓN</attalias><attrtype Sync="TRUE">String</attrtype><attwidth Sync="TRUE">100</attwidth><atprecis Sync="TRUE">0</atprecis><attscale Sync="TRUE">0</attscale></attr><attr><attrlabl Sync="TRUE">SENTIDO</attrlabl><attalias Sync="TRUE">SENTIDO</attalias><attrtype Sync="TRUE">String</attrtype><attwidth Sync="TRUE">50</attwidth><atprecis Sync="TRUE">0</atprecis><attscale Sync="TRUE">0</attscale></attr><attr><attrlabl Sync="TRUE">PENDIENTE</attrlabl><attalias Sync="TRUE">PENDIENTE</attalias><attrtype Sync="TRUE">String</attrtype><attwidth Sync="TRUE">10</attwidth><atprecis Sync="TRUE">0</atprecis><attscale Sync="TRUE">0</attscale></attr><attr><attrlabl Sync="TRUE">Shape</attrlabl><attalias Sync="TRUE">Shape</attalias><attrtype Sync="TRUE">Geometry</attrtype><attwidth Sync="TRUE">0</attwidth><atprecis Sync="TRUE">0</atprecis><attscale Sync="TRUE">0</attscale><attrdef Sync="TRUE">Feature geometry.</attrdef><attrdefs Sync="TRUE">Esri</attrdefs><attrdomv><udom Sync="TRUE">Coordinates defining the features.</udom></attrdomv></attr><subtype><stname Sync="TRUE">ACERA BICI</stname><stcode Sync="TRUE">1</stcode><stfield><stfldnm Sync="TRUE">COD_TIPOLOGIA_N</stfldnm><stflddd><domname Sync="TRUE">TIPOLOGIA_N</domname><domdesc Sync="TRUE">TIPOLOGIA DE CARRIL</domdesc><domtype Sync="TRUE">Coded Value</domtype><mrgtype Sync="TRUE">Default value</mrgtype><splttype Sync="TRUE">Default value</splttype><domowner Sync="TRUE">OBRAS_VIAS</domowner><domfldtp Sync="TRUE">SmallInteger</domfldtp></stflddd></stfield></subtype><subtype><stname Sync="TRUE">CARRIL BICI</stname><stcode Sync="TRUE">2</stcode><stfield><stfldnm Sync="TRUE">COD_TIPOLOGIA_N</stfldnm><stflddd><domname Sync="TRUE">TIPOLOGIA_N</domname><domdesc Sync="TRUE">TIPOLOGIA DE CARRIL</domdesc><domtype Sync="TRUE">Coded Value</domtype><mrgtype Sync="TRUE">Default value</mrgtype><splttype Sync="TRUE">Default value</splttype><domowner Sync="TRUE">OBRAS_VIAS</domowner><domfldtp Sync="TRUE">SmallInteger</domfldtp></stflddd></stfield></subtype><subtype><stname Sync="TRUE">CICLOCARRIL</stname><stcode Sync="TRUE">3</stcode><stfield><stfldnm Sync="TRUE">COD_TIPOLOGIA_N</stfldnm><stflddd><domname Sync="TRUE">TIPOLOGIA_N</domname><domdesc Sync="TRUE">TIPOLOGIA DE CARRIL</domdesc><domtype Sync="TRUE">Coded Value</domtype><mrgtype Sync="TRUE">Default value</mrgtype><splttype Sync="TRUE">Default value</splttype><domowner Sync="TRUE">OBRAS_VIAS</domowner><domfldtp Sync="TRUE">SmallInteger</domfldtp></stflddd></stfield></subtype><subtype><stname Sync="TRUE">PISTA BICI</stname><stcode Sync="TRUE">4</stcode><stfield><stfldnm Sync="TRUE">COD_TIPOLOGIA_N</stfldnm><stflddd><domname Sync="TRUE">TIPOLOGIA_N</domname><domdesc Sync="TRUE">TIPOLOGIA DE CARRIL</domdesc><domtype Sync="TRUE">Coded Value</domtype><mrgtype Sync="TRUE">Default value</mrgtype><splttype Sync="TRUE">Default value</splttype><domowner Sync="TRUE">OBRAS_VIAS</domowner><domfldtp Sync="TRUE">SmallInteger</domfldtp></stflddd></stfield></subtype><subtype><stname Sync="TRUE">SENDA CICLABLE</stname><stcode Sync="TRUE">5</stcode><stfield><stfldnm Sync="TRUE">COD_TIPOLOGIA_N</stfldnm><stflddd><domname Sync="TRUE">TIPOLOGIA_N</domname><domdesc Sync="TRUE">TIPOLOGIA DE CARRIL</domdesc><domtype Sync="TRUE">Coded Value</domtype><mrgtype Sync="TRUE">Default value</mrgtype><splttype Sync="TRUE">Default value</splttype><domowner Sync="TRUE">OBRAS_VIAS</domowner><domfldtp Sync="TRUE">SmallInteger</domfldtp></stflddd></stfield></subtype><subtype><stname Sync="TRUE">VÍA MIXTA</stname><stcode Sync="TRUE">6</stcode><stfield><stfldnm Sync="TRUE">COD_TIPOLOGIA_N</stfldnm><stflddv Sync="TRUE">1</stflddv><stflddd><domname Sync="TRUE">TIPOLOGIA_N</domname><domdesc Sync="TRUE">TIPOLOGIA DE CARRIL</domdesc><domtype Sync="TRUE">Coded Value</domtype><mrgtype Sync="TRUE">Default value</mrgtype><splttype Sync="TRUE">Default value</splttype><domowner Sync="TRUE">OBRAS_VIAS</domowner><domfldtp Sync="TRUE">SmallInteger</domfldtp></stflddd></stfield></subtype><attr><attrlabl Sync="TRUE">FID</attrlabl><attalias Sync="TRUE">FID</attalias><attrtype Sync="TRUE">OID</attrtype><attwidth Sync="TRUE">4</attwidth><atprecis Sync="TRUE">0</atprecis><attscale Sync="TRUE">0</attscale><attrdef Sync="TRUE">Internal feature number.</attrdef><attrdefs Sync="TRUE">Esri</attrdefs><attrdomv><udom Sync="TRUE">Sequential unique whole numbers that are automatically generated.</udom></attrdomv></attr><subtype><stname Sync="TRUE">GIRO PERMITIDO</stname><stcode Sync="TRUE">7</stcode><stfield><stfldnm Sync="TRUE">COD_TIPOLOGIA_N</stfldnm><stflddd><domname Sync="TRUE">TIPOLOGIA_N</domname><domdesc Sync="TRUE">TIPOLOGIA DE CARRIL</domdesc><domtype Sync="TRUE">Coded Value</domtype><mrgtype Sync="TRUE">Default value</mrgtype><splttype Sync="TRUE">Default value</splttype><domowner Sync="TRUE">OBRAS_VIAS</domowner><domfldtp Sync="TRUE">SmallInteger</domfldtp></stflddd></stfield></subtype><subtype><stname Sync="TRUE">SENTIDO PERMITIDO</stname><stcode Sync="TRUE">8</stcode><stfield><stfldnm Sync="TRUE">COD_TIPOLOGIA_N</stfldnm><stflddd><domname Sync="TRUE">TIPOLOGIA_N</domname><domdesc Sync="TRUE">TIPOLOGIA DE CARRIL</domdesc><domtype Sync="TRUE">Coded Value</domtype><mrgtype Sync="TRUE">Default value</mrgtype><splttype Sync="TRUE">Default value</splttype><domowner Sync="TRUE">OBRAS_VIAS</domowner><domfldtp Sync="TRUE">SmallInteger</domfldtp></stflddd></stfield></subtype><subtype><stname Sync="TRUE">ARCEN BICI</stname><stcode Sync="TRUE">10</stcode><stfield><stfldnm Sync="TRUE">COD_TIPOLOGIA_N</stfldnm><stflddd><domname Sync="TRUE">TIPOLOGIA_N</domname><domdesc Sync="TRUE">TIPOLOGIA DE CARRIL</domdesc><domtype Sync="TRUE">Coded Value</domtype><mrgtype Sync="TRUE">Default value</mrgtype><splttype Sync="TRUE">Default value</splttype><domowner Sync="TRUE">OBRAS_VIAS</domowner><domfldtp Sync="TRUE">SmallInteger</domfldtp></stflddd></stfield></subtype><subtype><stname Sync="TRUE">CIRCUITO DE OCIO</stname><stcode Sync="TRUE">12</stcode><stfield><stfldnm Sync="TRUE">COD_TIPOLOGIA_N</stfldnm><stflddd><domname Sync="TRUE">TIPOLOGIA_N</domname><domdesc Sync="TRUE">TIPOLOGIA DE CARRIL</domdesc><domtype Sync="TRUE">Coded Value</domtype><mrgtype Sync="TRUE">Default value</mrgtype><splttype Sync="TRUE">Default value</splttype><domowner Sync="TRUE">OBRAS_VIAS</domowner><domfldtp Sync="TRUE">SmallInteger</domfldtp></stflddd></stfield></subtype><subtype><stname Sync="TRUE">ENCAMINAMIENTO</stname><stcode Sync="TRUE">13</stcode><stfield><stfldnm Sync="TRUE">COD_TIPOLOGIA_N</stfldnm><stflddd><domname Sync="TRUE">TIPOLOGIA_N</domname><domdesc Sync="TRUE">TIPOLOGIA DE CARRIL</domdesc><domtype Sync="TRUE">Coded Value</domtype><mrgtype Sync="TRUE">Default value</mrgtype><splttype Sync="TRUE">Default value</splttype><domowner Sync="TRUE">OBRAS_VIAS</domowner><domfldtp Sync="TRUE">SmallInteger</domfldtp></stflddd></stfield></subtype><subtype><stname Sync="TRUE">PASO DE BICI</stname><stcode Sync="TRUE">14</stcode><stfield><stfldnm Sync="TRUE">COD_TIPOLOGIA_N</stfldnm><stflddd><domname Sync="TRUE">TIPOLOGIA_N</domname><domdesc Sync="TRUE">TIPOLOGIA DE CARRIL</domdesc><domtype Sync="TRUE">Coded Value</domtype><mrgtype Sync="TRUE">Default value</mrgtype><splttype Sync="TRUE">Default value</splttype><domowner Sync="TRUE">OBRAS_VIAS</domowner><domfldtp Sync="TRUE">SmallInteger</domfldtp></stflddd></stfield></subtype><subtype><stname Sync="TRUE">BANDA RECOMENDADA</stname><stcode Sync="TRUE">17</stcode><stfield><stfldnm Sync="TRUE">COD_TIPOLOGIA_N</stfldnm><stflddd><domname Sync="TRUE">TIPOLOGIA_N</domname><domdesc Sync="TRUE">TIPOLOGIA DE CARRIL</domdesc><domtype Sync="TRUE">Coded Value</domtype><mrgtype Sync="TRUE">Default value</mrgtype><splttype Sync="TRUE">Default value</splttype><domowner Sync="TRUE">OBRAS_VIAS</domowner><domfldtp Sync="TRUE">SmallInteger</domfldtp></stflddd></stfield></subtype><attr><attrlabl Sync="TRUE">PENDIENTE_</attrlabl><attalias Sync="TRUE">PENDIENTE_</attalias><attrtype Sync="TRUE">Double</attrtype><attwidth Sync="TRUE">19</attwidth><atprecis Sync="TRUE">18</atprecis><attscale Sync="TRUE">8</attscale></attr><attr><attrlabl Sync="TRUE">COD_TIPOLO</attrlabl><attalias Sync="TRUE">COD_TIPOLO</attalias><attrtype Sync="TRUE">Integer</attrtype><attwidth Sync="TRUE">5</attwidth><atprecis Sync="TRUE">5</atprecis><attscale Sync="TRUE">0</attscale></attr><attr><attrlabl Sync="TRUE">COD_TIPO_V</attrlabl><attalias Sync="TRUE">COD_TIPO_V</attalias><attrtype Sync="TRUE">Integer</attrtype><attwidth Sync="TRUE">5</attwidth><atprecis Sync="TRUE">5</atprecis><attscale Sync="TRUE">0</attscale></attr><attr><attrlabl Sync="TRUE">Shape_STLe</attrlabl><attalias Sync="TRUE">Shape_STLe</attalias><attrtype Sync="TRUE">Double</attrtype><attwidth Sync="TRUE">19</attwidth><atprecis Sync="TRUE">0</atprecis><attscale Sync="TRUE">0</attscale></attr><attr><attrlabl Sync="TRUE">d_COD_TIPO</attrlabl><attalias Sync="TRUE">d_COD_TIPO</attalias><attrtype Sync="TRUE">String</attrtype><attwidth Sync="TRUE">254</attwidth><atprecis Sync="TRUE">0</atprecis><attscale Sync="TRUE">0</attscale></attr><attr><attrlabl Sync="TRUE">d_COD_TI_1</attrlabl><attalias Sync="TRUE">d_COD_TI_1</attalias><attrtype Sync="TRUE">String</attrtype><attwidth Sync="TRUE">254</attwidth><atprecis Sync="TRUE">0</atprecis><attscale Sync="TRUE">0</attscale></attr></detailed></eainfo><mdDateSt Sync="TRUE">20230721</mdDateSt></metadata>
